[{"pos_x": 141.796209, "pos_y": -113.38937, "rotation": 180.0, "side": "top", "designator": "R23", "mpn": null, "pack": "R_0402_1005Metric", "value": "1K", "mount_type": "smt", "place": true}, {"pos_x": 138.25, "pos_y": -105.325, "rotation": 0.0, "side": "top", "designator": "Q6", "mpn": null, "pack": "DMG3415UFY47", "value": "DMG3415UFY4Q-7", "mount_type": "smt", "place": true}, {"pos_x": 151.4, "pos_y": -110.8, "rotation": 0.0, "side": "top", "designator": "R5", "mpn": null, "pack": "R_0603_1608Metric", "value": "100M", "mount_type": "smt", "place": true}, {"pos_x": 147.75, "pos_y": -96.5, "rotation": -90.0, "side": "top", "designator": "R15", "mpn": null, "pack": "R_0402_1005Metric", "value": "10K", "mount_type": "smt", "place": true}, {"pos_x": 136.82, "pos_y": -82.3, "rotation": 0.0, "side": "top", "designator": "R1", "mpn": null, "pack": "R_0402_1005Metric", "value": "10K", "mount_type": "smt", "place": true}, {"pos_x": 138.5, "pos_y": -109.17, "rotation": 180.0, "side": "top", "designator": "Q3", "mpn": null, "pack": "2N7002KQBZ", "value": "2N7002KQBZ", "mount_type": "smt", "place": true}, {"pos_x": 139.4, "pos_y": -122.45, "rotation": 90.0, "side": "top", "designator": "D5", "mpn": null, "pack": "D_SOD-323", "value": "1N4148WS", "mount_type": "smt", "place": true}, {"pos_x": 145.0, "pos_y": -90.7, "rotation": 90.0, "side": "top", "designator": "Q4", "mpn": null, "pack": "SOT-23", "value": "BSS138", "mount_type": "smt", "place": true}, {"pos_x": 147.2, "pos_y": -112.7, "rotation": 180.0, "side": "top", "designator": "U4", "mpn": null, "pack": "SOT353", "value": "SN74LVC1G86DBVR", "mount_type": "smt", "place": true}, {"pos_x": 143.8, "pos_y": -116.0, "rotation": 90.0, "side": "top", "designator": "D2", "mpn": null, "pack": "LED_0603_1608Metric", "value": "GREEN", "mount_type": "smt", "place": true}, {"pos_x": 144.0, "pos_y": -107.76, "rotation": -90.0, "side": "top", "designator": "R13", "mpn": null, "pack": "R_0402_1005Metric", "value": "100K", "mount_type": "smt", "place": true}, {"pos_x": 144.0, "pos_y": -110.0, "rotation": 90.0, "side": "top", "designator": "C12", "mpn": null, "pack": "C_0402_1005Metric", "value": "10uF", "mount_type": "smt", "place": true}, {"pos_x": 136.5, "pos_y": -91.75, "rotation": 0.0, "side": "top", "designator": "TP5", "mpn": null, "pack": "TestPoint_Pad_D1.5mm", "value": "RX", "mount_type": "tht", "place": true}, {"pos_x": 144.143, "pos_y": -104.75, "rotation": 0.0, "side": "top", "designator": "U2", "mpn": null, "pack": "TSOT-23", "value": "RT9080-33GJ5", "mount_type": "smt", "place": true}, {"pos_x": 140.0, "pos_y": -95.4, "rotation": 90.0, "side": "top", "designator": "Q5", "mpn": null, "pack": "SOT-23", "value": "BSS138", "mount_type": "smt", "place": true}, {"pos_x": 148.031863, "pos_y": -103.01141, "rotation": 0.0, "side": "top", "designator": "C15", "mpn": null, "pack": "C_0402_1005Metric", "value": "1uF", "mount_type": "smt", "place": true}, {"pos_x": 140.25, "pos_y": -100.5, "rotation": 90.0, "side": "top", "designator": "JP4", "mpn": null, "pack": "SolderJumper-2_P1.3mm_Open_RoundedPad1.0x1.5mm", "value": "SolderJumper_2_Open", "mount_type": "tht", "place": true}, {"pos_x": 145.73, "pos_y": -98.8, "rotation": 180.0, "side": "top", "designator": "C14", "mpn": null, "pack": "C_0402_1005Metric", "value": "1uF", "mount_type": "smt", "place": true}, {"pos_x": 141.3, "pos_y": -90.575, "rotation": -90.0, "side": "top", "designator": "C3", "mpn": null, "pack": "C_0402_1005Metric", "value": "12pF", "mount_type": "smt", "place": true}, {"pos_x": 148.5, "pos_y": -105.4, "rotation": 90.0, "side": "top", "designator": "JP3", "mpn": null, "pack": "SolderJumper-2_P1.3mm_Bridged_RoundedPad1.0x1.5mm", "value": "SolderJumper_2_Bridged", "mount_type": "tht", "place": true}, {"pos_x": 146.8025, "pos_y": -98.38, "rotation": 90.0, "side": "top", "designator": "U3", "mpn": null, "pack": "S'5701BC11B'L3T2U5", "value": "S-5701BC11B-L3T2U5", "mount_type": "smt", "place": true}, {"pos_x": 141.8, "pos_y": -115.0, "rotation": 180.0, "side": "top", "designator": "R20", "mpn": null, "pack": "R_0402_1005Metric", "value": "1K", "mount_type": "smt", "place": true}, {"pos_x": 144.143, "pos_y": -101.5, "rotation": 90.0, "side": "top", "designator": "R4", "mpn": null, "pack": "R_0402_1005Metric", "value": "10K", "mount_type": "smt", "place": true}, {"pos_x": 150.75, "pos_y": -121.6, "rotation": 0.0, "side": "top", "designator": "G***", "mpn": null, "pack": "Xlogo", "value": "LOGO", "mount_type": "tht", "place": false}, {"pos_x": 148.5, "pos_y": -100.25, "rotation": 90.0, "side": "top", "designator": "U8", "mpn": null, "pack": "SOT-23-5", "value": "MCP1802T-1802I/OT", "mount_type": "smt", "place": true}, {"pos_x": 140.6, "pos_y": -88.575, "rotation": 0.0, "side": "top", "designator": "Y1", "mpn": null, "pack": "Crystal_SMD_2012-2Pin_2.0x1.2mm", "value": "Crystal", "mount_type": "smt", "place": true}, {"pos_x": 142.419175, "pos_y": -109.697907, "rotation": 90.0, "side": "top", "designator": "C8", "mpn": null, "pack": "C_0603_1608Metric", "value": "10uF", "mount_type": "smt", "place": true}, {"pos_x": 136.4, "pos_y": -101.2, "rotation": -90.0, "side": "top", "designator": "kibuzzard-64258E65", "mpn": null, "pack": "kibuzzard-64258E65", "value": "G***", "mount_type": "tht", "place": false}, {"pos_x": 142.643, "pos_y": -101.25, "rotation": 90.0, "side": "top", "designator": "C6", "mpn": null, "pack": "C_0603_1608Metric", "value": "1uF", "mount_type": "smt", "place": true}, {"pos_x": 145.883421, "pos_y": -110.478933, "rotation": 180.0, "side": "top", "designator": "R10", "mpn": null, "pack": "R_0402_1005Metric", "value": "10K", "mount_type": "smt", "place": true}, {"pos_x": 150.78, "pos_y": -118.5, "rotation": 0.0, "side": "top", "designator": "U1", "mpn": null, "pack": "5204", "value": "5204", "mount_type": "tht", "place": true}, {"pos_x": 150.75, "pos_y": -124.0, "rotation": 0.0, "side": "top", "designator": "kibuzzard-642BF0F2", "mpn": null, "pack": "kibuzzard-642BF0F2", "value": "G***", "mount_type": "tht", "place": false}, {"pos_x": 145.0, "pos_y": -95.5, "rotation": 0.0, "side": "top", "designator": "U6", "mpn": null, "pack": "Bosch_LGA-8_3x3mm_P0.8mm_ClockwisePinNumbering", "value": "BME680", "mount_type": "smt", "place": true}, {"pos_x": 145.0, "pos_y": -118.4875, "rotation": 180.0, "side": "top", "designator": "D3", "mpn": null, "pack": "LED_0603_1608Metric", "value": "BLUE", "mount_type": "smt", "place": true}, {"pos_x": 136.5, "pos_y": -94.25, "rotation": 0.0, "side": "top", "designator": "TP6", "mpn": null, "pack": "TestPoint_Pad_D1.5mm", "value": "RTS", "mount_type": "tht", "place": true}, {"pos_x": 136.5, "pos_y": -99.25, "rotation": 0.0, "side": "top", "designator": "TP8", "mpn": null, "pack": "TestPoint_Pad_D1.5mm", "value": "GND", "mount_type": "tht", "place": true}, {"pos_x": 145.0, "pos_y": -78.1, "rotation": 0.0, "side": "top", "designator": "U7", "mpn": null, "pack": "XCVR_ESP32-C3-MINI-1-N4", "value": "ESP32-C3-MINI-1-N4", "mount_type": "smt", "place": true}, {"pos_x": 136.5, "pos_y": -96.75, "rotation": 0.0, "side": "top", "designator": "TP7", "mpn": null, "pack": "TestPoint_Pad_D1.5mm", "value": "DTR", "mount_type": "tht", "place": true}, {"pos_x": 147.5, "pos_y": -110.0, "rotation": 90.0, "side": "top", "designator": "R8", "mpn": null, "pack": "R_0402_1005Metric", "value": "10K", "mount_type": "smt", "place": true}, {"pos_x": 140.25, "pos_y": -105.5, "rotation": 90.0, "side": "top", "designator": "Q2", "mpn": null, "pack": "ONSC-SOT-1123-3-524AA_V", "value": "NTNUS3171PZT5G", "mount_type": "smt", "place": true}, {"pos_x": 145.25, "pos_y": -107.76, "rotation": -90.0, "side": "top", "designator": "R14", "mpn": null, "pack": "R_0402_1005Metric", "value": "150K", "mount_type": "smt", "place": true}, {"pos_x": 142.5, "pos_y": -94.0, "rotation": 90.0, "side": "top", "designator": "R16", "mpn": null, "pack": "R_0402_1005Metric", "value": "10K", "mount_type": "smt", "place": true}, {"pos_x": 136.82, "pos_y": -79.7, "rotation": 180.0, "side": "top", "designator": "C4", "mpn": null, "pack": "C_0402_1005Metric", "value": "10uF", "mount_type": "smt", "place": true}, {"pos_x": 144.75, "pos_y": -122.775, "rotation": 0.0, "side": "top", "designator": "S2", "mpn": null, "pack": "436331045822", "value": "436331045822", "mount_type": "smt", "place": true}, {"pos_x": 139.2, "pos_y": -115.25, "rotation": 0.0, "side": "top", "designator": "kibuzzard-64258E23", "mpn": null, "pack": "kibuzzard-64258E23", "value": "G***", "mount_type": "tht", "place": false}, {"pos_x": 140.25, "pos_y": -103.5, "rotation": 90.0, "side": "top", "designator": "C9", "mpn": null, "pack": "C_0402_1005Metric", "value": "10uF", "mount_type": "smt", "place": true}, {"pos_x": 136.5, "pos_y": -89.25, "rotation": 0.0, "side": "top", "designator": "TP4", "mpn": null, "pack": "TestPoint_Pad_D1.5mm", "value": "TX", "mount_type": "tht", "place": true}, {"pos_x": 142.5, "pos_y": -96.8, "rotation": 90.0, "side": "top", "designator": "R17", "mpn": null, "pack": "R_0402_1005Metric", "value": "10K", "mount_type": "smt", "place": true}, {"pos_x": 139.28, "pos_y": -112.0, "rotation": 0.0, "side": "top", "designator": "U10", "mpn": null, "pack": "5226", "value": "5226", "mount_type": "tht", "place": true}, {"pos_x": 146.2, "pos_y": -115.9625, "rotation": 90.0, "side": "top", "designator": "D1", "mpn": null, "pack": "LED_0603_1608Metric", "value": "RED", "mount_type": "smt", "place": true}, {"pos_x": 152.6, "pos_y": -98.4, "rotation": 90.0, "side": "top", "designator": "S1", "mpn": null, "pack": "MDSM4R1218", "value": "MDSM-4R-12-18", "mount_type": "smt", "place": true}, {"pos_x": 148.2, "pos_y": -88.175, "rotation": -90.0, "side": "top", "designator": "R2", "mpn": null, "pack": "R_0402_1005Metric", "value": "10K", "mount_type": "smt", "place": true}, {"pos_x": 141.3, "pos_y": -103.5, "rotation": 90.0, "side": "top", "designator": "C10", "mpn": null, "pack": "C_0402_1005Metric", "value": "1uF", "mount_type": "smt", "place": true}, {"pos_x": 142.8, "pos_y": -118.8, "rotation": 90.0, "side": "top", "designator": "R21", "mpn": null, "pack": "R_0402_1005Metric", "value": "1K", "mount_type": "smt", "place": true}, {"pos_x": 136.8, "pos_y": -78.4, "rotation": 180.0, "side": "top", "designator": "C5", "mpn": null, "pack": "C_0402_1005Metric", "value": "0.1uF", "mount_type": "smt", "place": true}, {"pos_x": 148.2, "pos_y": -115.0, "rotation": 0.0, "side": "top", "designator": "R3", "mpn": null, "pack": "R_0402_1005Metric", "value": "1K", "mount_type": "smt", "place": true}, {"pos_x": 136.25, "pos_y": -109.5, "rotation": -90.0, "side": "top", "designator": "R22", "mpn": null, "pack": "R_0402_1005Metric", "value": "100K", "mount_type": "smt", "place": true}, {"pos_x": 138.585, "pos_y": -113.0, "rotation": 180.0, "side": "top", "designator": "Q1", "mpn": null, "pack": "SOT95P237X112-3N", "value": "BC857B_RF", "mount_type": "smt", "place": true}, {"pos_x": 148.75, "pos_y": -110.0, "rotation": -90.0, "side": "top", "designator": "R9", "mpn": null, "pack": "R_0402_1005Metric", "value": "10K", "mount_type": "smt", "place": true}, {"pos_x": 136.25, "pos_y": -107.25, "rotation": 90.0, "side": "top", "designator": "R12", "mpn": null, "pack": "R_0402_1005Metric", "value": "10K", "mount_type": "smt", "place": true}, {"pos_x": 136.8, "pos_y": -122.4, "rotation": -90.0, "side": "top", "designator": "JP1", "mpn": null, "pack": "SolderJumper-2_P1.3mm_Open_RoundedPad1.0x1.5mm", "value": "SolderJumper_2_Open", "mount_type": "tht", "place": true}, {"pos_x": 137.331838, "pos_y": -83.939373, "rotation": -90.0, "side": "top", "designator": "C1", "mpn": null, "pack": "C_0402_1005Metric", "value": "10uF", "mount_type": "smt", "place": true}, {"pos_x": 150.8, "pos_y": -115.6, "rotation": 0.0, "side": "top", "designator": "kibuzzard-64258E17", "mpn": null, "pack": "kibuzzard-64258E17", "value": "G***", "mount_type": "tht", "place": false}, {"pos_x": 151.4, "pos_y": -114.3, "rotation": 0.0, "side": "top", "designator": "R6", "mpn": null, "pack": "R_0603_1608Metric", "value": "R", "mount_type": "smt", "place": true}, {"pos_x": 141.5, "pos_y": -107.24, "rotation": 180.0, "side": "top", "designator": "R11", "mpn": null, "pack": "R_0402_1005Metric", "value": "1M", "mount_type": "smt", "place": true}, {"pos_x": 144.0, "pos_y": -112.59, "rotation": -90.0, "side": "top", "designator": "U5", "mpn": null, "pack": "SOT353", "value": "SN74LVC1G86DBVR", "mount_type": "smt", "place": true}, {"pos_x": 136.5, "pos_y": -86.75, "rotation": 0.0, "side": "top", "designator": "TP3", "mpn": null, "pack": "TestPoint_Pad_D1.5mm", "value": "VBUS", "mount_type": "tht", "place": true}, {"pos_x": 147.75, "pos_y": -94.5, "rotation": 90.0, "side": "top", "designator": "R18", "mpn": null, "pack": "R_0402_1005Metric", "value": "10K", "mount_type": "smt", "place": true}, {"pos_x": 146.5, "pos_y": -107.74, "rotation": -90.0, "side": "top", "designator": "C11", "mpn": null, "pack": "C_0402_1005Metric", "value": "10nF", "mount_type": "smt", "place": true}, {"pos_x": 145.643, "pos_y": -101.25, "rotation": -90.0, "side": "top", "designator": "C7", "mpn": null, "pack": "C_0603_1608Metric", "value": "1uF/4.7uF", "mount_type": "smt", "place": true}, {"pos_x": 136.82, "pos_y": -81.0, "rotation": 180.0, "side": "top", "designator": "R19", "mpn": null, "pack": "R_0402_1005Metric", "value": "10K", "mount_type": "smt", "place": true}, {"pos_x": 151.4, "pos_y": -112.55, "rotation": 0.0, "side": "top", "designator": "R7", "mpn": null, "pack": "R_0603_1608Metric", "value": "R", "mount_type": "smt", "place": true}, {"pos_x": 139.9, "pos_y": -90.58, "rotation": -90.0, "side": "top", "designator": "C2", "mpn": null, "pack": "C_0402_1005Metric", "value": "12pF", "mount_type": "smt", "place": true}, {"pos_x": 153.5, "pos_y": -80.8, "rotation": 90.0, "side": "top", "designator": "G***", "mpn": null, "pack": "logov2-mini", "value": "LOGO", "mount_type": "tht", "place": true}, {"pos_x": 150.8, "pos_y": -120.4, "rotation": 180.0, "side": "bottom", "designator": "kibuzzard-64258FE0", "mpn": null, "pack": "kibuzzard-64258FE0", "value": "G***", "mount_type": "tht", "place": false}, {"pos_x": 150.8, "pos_y": -115.6, "rotation": 0.0, "side": "bottom", "designator": "kibuzzard-64258E17", "mpn": null, "pack": "kibuzzard-64258E17", "value": "G***", "mount_type": "tht", "place": false}, {"pos_x": 145.0, "pos_y": -109.75, "rotation": 180.0, "side": "bottom", "designator": "G***", "mpn": null, "pack": "logov2-mini", "value": "LOGO", "mount_type": "tht", "place": true}, {"pos_x": 139.167506, "pos_y": -115.25, "rotation": 180.0, "side": "bottom", "designator": "kibuzzard-64258E23", "mpn": null, "pack": "kibuzzard-64258E23", "value": "G***", "mount_type": "tht", "place": false}, {"pos_x": 139.2, "pos_y": -122.6, "rotation": 180.0, "side": "bottom", "designator": "TP1", "mpn": null, "pack": "TestPoint_Pad_1.5x1.5mm", "value": "BATT", "mount_type": "tht", "place": true}, {"pos_x": 139.2, "pos_y": -120.4, "rotation": 180.0, "side": "bottom", "designator": "kibuzzard-63AF0800", "mpn": null, "pack": "kibuzzard-63AF0800", "value": "G***", "mount_type": "tht", "place": false}, {"pos_x": 150.8, "pos_y": -122.6, "rotation": 180.0, "side": "bottom", "designator": "TP2", "mpn": null, "pack": "TestPoint_Pad_1.5x1.5mm", "value": "GND", "mount_type": "tht", "place": true}, {"pos_x": 144.9, "pos_y": -111.85, "rotation": 180.0, "side": "bottom", "designator": "kibuzzard-642BF081", "mpn": null, "pack": "kibuzzard-642BF081", "value": "G***", "mount_type": "tht", "place": false}]